card_id,transaction_dt,score,postcode,UCL
340028465709212,2018-02-01T03:25:35.000Z,233,24658,15456006.03
340054675199675,2018-10-01T02:47:11.000Z,631,77373,14464963.61
340082915339645,2017-11-05T00:21:19.000Z,407,76679,17019185.63
340134186926007,2017-12-05T07:57:21.000Z,614,99769,13896984
340265728490548,2017-12-10T17:26:43.000Z,202,65501,15921362.74
340268219434811,2018-12-01T12:43:17.000Z,415,57030,15997032.76
340379737226464,2018-11-01T19:09:55.000Z,229,96105,14334258.59
340383645652108,2017-12-11T17:49:09.000Z,645,30634,15577790.93
340803866934451,2018-10-01T20:20:34.000Z,502,38581,12454639.15
340889618969736,2017-10-10T19:48:00.000Z,330,26202,12846679.58
340924125838453,2017-12-10T15:41:23.000Z,644,46392,13096187.84
341005627432127,2018-11-01T19:09:55.000Z,629,85352,11609195.41
341029651579925,2018-05-01T17:27:03.000Z,682,20137,14062523.73
341311317050937,2017-12-11T12:33:09.000Z,440,72166,14858326.58
341344252914274,2018-12-01T02:11:16.000Z,643,28325,11580881.8
341363858179050,2017-11-12T04:44:49.000Z,559,17082,14119772.77
341519629171378,2018-09-01T00:27:09.000Z,408,43156,13783303
341641153427489,2017-09-04T02:54:52.000Z,475,71254,13282300.16
341719092861087,2018-12-01T00:25:55.000Z,442,27942,13483776.87
341722035429601,2018-08-01T12:09:49.000Z,552,94501,15875301.37
341724964458347,2017-10-12T12:56:47.000Z,695,12777,14448331.74
341920010925925,2018-12-01T23:15:18.000Z,570,17508,11625020.66
342016727481601,2017-12-06T04:49:06.000Z,408,45859,14126876.54
342048672911139,2017-12-06T17:06:28.000Z,208,16619,12664974.63
342106756753728,2018-01-01T06:21:33.000Z,594,22485,16852469.25
342136378319429,2018-12-01T14:28:37.000Z,237,85263,13640891.35
342341653931950,2018-09-01T07:28:30.000Z,217,99655,16408068.5
342400733369183,2018-09-01T10:59:11.000Z,326,27342,13472390.83
342409040326783,2017-12-03T16:33:54.000Z,411,17325,13658509.89
342541202178377,2017-12-02T12:39:34.000Z,465,97040,10644227.74
342659393657862,2018-12-01T23:15:18.000Z,146,29148,15355199.2
342679959520647,2018-05-01T17:27:02.000Z,564,12836,13912787.88
342684196338179,2017-11-09T01:16:17.000Z,458,63879,13291754.34
342853996970884,2018-06-01T00:28:23.000Z,474,34756,14305839.59
342894449456021,2018-04-01T04:35:00.000Z,699,13035,13135349.54
342917304031089,2017-11-11T15:29:06.000Z,528,32950,12280321.6
342966201267661,2017-12-02T00:22:13.000Z,464,70373,14752367.15
343021795545168,2018-11-01T13:53:55.000Z,464,22968,15898345.13
343107037888023,2018-10-01T02:47:12.000Z,353,17583,12103181.33
343252340741735,2018-06-01T23:17:46.000Z,386,49901,11576773.35
343330859464824,2018-07-01T09:49:47.000Z,497,30701,13680524.99
343478616471867,2017-11-12T06:30:09.000Z,302,52307,13999877.96
343753962914526,2018-10-01T20:20:34.000Z,684,99606,12952959.46
343794320536223,2018-03-01T09:16:18.000Z,383,77474,16044570.52
343802190729995,2018-07-01T08:04:26.000Z,331,81525,11766536.45
343803912797603,2018-08-01T01:37:47.000Z,344,58036,13247462.1
343902075851032,2018-12-01T17:59:18.000Z,392,59440,12600934.94
343923894022124,2018-07-01T08:04:26.000Z,453,14551,13593172.93
343953209773343,2018-07-01T06:19:06.000Z,401,92350,11984589.27
343962656588624,2018-07-01T18:36:27.000Z,442,27521,14090063.15
343991629633818,2018-09-01T12:44:31.000Z,591,32428,14243760.75
344000005693030,2017-12-07T11:38:10.000Z,584,16410,14500497.78
344002520206946,2017-11-02T22:36:54.000Z,271,18443,14840419.33
344143554194093,2017-11-07T04:02:07.000Z,301,85348,12700729.67
344209859893876,2017-12-12T01:48:51.000Z,570,83443,11237055.88
344250415187512,2018-01-01T09:52:13.000Z,385,99161,13622969.87
344261255055849,2017-12-10T20:57:25.000Z,269,68785,13686037.56
344383976541266,2018-04-01T01:04:19.000Z,398,99588,13852049.69
344402144417599,2018-10-01T01:01:52.000Z,284,29650,13776792.73
344453305077666,2017-12-01T19:18:30.000Z,465,76682,12742939.51
344490156298215,2018-12-01T23:15:18.000Z,445,39661,12528824.41
344544208972277,2018-04-01T06:20:20.000Z,367,12110,14388188.9
344583480345238,2018-10-01T04:32:32.000Z,575,54107,14562950.41
344713754834914,2017-11-11T18:59:47.000Z,365,58752,15271947.83
344770738264186,2018-03-01T23:18:59.000Z,409,13318,12393588.95
344827223085982,2017-11-11T18:59:47.000Z,403,20622,13593043.7
344997383137673,2017-11-09T18:49:38.000Z,249,13408,12787369.21
345006580195330,2018-02-01T10:26:56.000Z,467,24251,12529193.12
345027679564944,2017-12-11T16:03:49.000Z,502,55349,14880144.34
345077775078680,2018-06-01T14:31:05.000Z,567,98940,14925983.4
345082162474452,2018-01-01T20:24:15.000Z,286,52168,15739302.14
345082216803859,2017-12-11T16:03:49.000Z,700,85633,12303049.49
345140945581726,2018-08-01T13:55:09.000Z,401,20625,14372826.31
345158301963131,2018-03-01T12:46:59.000Z,305,79843,14977032.42
345245362189127,2018-06-01T12:45:45.000Z,251,41265,12908865.61
345261664350609,2018-06-01T14:31:04.000Z,551,65679,12554642.03
345406224887566,2017-11-06T16:31:45.000Z,349,14510,14515859.97
345419819846363,2017-12-10T12:10:44.000Z,301,67631,12593365.86
345498289160361,2018-07-01T20:21:47.000Z,596,14450,11369430.47
345545562194266,2018-11-01T15:39:15.000Z,408,29330,14050333.72
345599472667975,2017-12-11T16:03:49.000Z,332,39479,14818511.51
345789731252528,2017-09-11T05:33:02.000Z,451,80825,14306818.92
345864096406128,2018-12-01T23:15:18.000Z,677,59007,13913272.86
345876265017055,2018-11-01T10:23:15.000Z,369,31775,10460094.87
345925144288000,2018-09-01T03:57:50.000Z,501,72411,12997761
345949260434768,2017-12-12T05:19:31.000Z,485,58451,12037087.98
345969858843082,2018-12-01T16:13:57.000Z,587,54960,10622720.42
346001716915984,2017-11-03T23:00:32.000Z,364,72718,13303702.61
346071750538869,2018-03-01T11:01:37.000Z,648,83854,14472355.15
346119019394205,2018-08-01T19:11:09.000Z,423,21014,11248205.64
346191575038236,2018-06-01T03:59:04.000Z,440,53522,12422787.08
346375938531281,2018-11-01T20:55:16.000Z,463,64651,12231291.74
346417268270064,2017-10-12T07:40:48.000Z,504,47146,14612254.07
346600847616797,2017-12-07T01:06:09.000Z,610,37764,11731174.51
346618652451637,2018-09-01T03:57:50.000Z,205,41727,15675539.21
346705343409319,2017-11-12T20:32:50.000Z,207,45898,14580261.32
346723578776723,2018-06-01T18:01:44.000Z,559,93529,14214257.63
346829826446934,2018-10-01T18:35:13.000Z,451,78016,15173724.3
347051350857346,2018-10-01T20:20:34.000Z,228,45839,14242993.69
347110035412723,2017-06-02T03:55:21.000Z,582,48416,14935255.21
347128485339604,2017-12-01T05:15:49.000Z,264,39348,14399294.54
347177017703006,2018-12-01T14:28:37.000Z,553,26327,12665664.98
347269341929980,2017-12-09T19:24:21.000Z,266,13340,14148753.69
347274385563543,2018-02-01T17:28:17.000Z,414,16622,14655372.72
347361606702352,2018-12-01T19:44:37.000Z,378,13743,14062378.06
347364295787224,2018-01-01T20:24:15.000Z,518,33408,14052356.2
347370191043478,2018-09-01T03:57:50.000Z,394,94582,12378532.32
347403934542566,2017-06-03T23:37:42.000Z,579,63070,12934010.68
347566265344782,2018-01-01T04:36:13.000Z,552,17509,14400248.2
347697256845386,2018-11-01T13:53:55.000Z,338,17976,14285923.53
347723528908969,2018-07-01T06:19:06.000Z,267,48028,14824347.9
347736616723522,2018-12-01T19:44:38.000Z,356,23154,13205363.71
347742182023365,2017-12-04T02:53:38.000Z,622,19422,14857654.98
347816334672492,2017-12-09T12:23:00.000Z,599,35960,16848373.64
347893423075811,2018-07-01T16:51:07.000Z,429,89832,12232054.46
348157024306041,2017-12-10T20:57:24.000Z,622,14134,14331494.35
348165176221648,2018-11-01T19:09:56.000Z,622,57717,14091140.26
348176004451908,2018-07-01T20:21:47.000Z,525,17215,9905686.72
348190804567030,2017-11-07T00:00:00.000Z,212,87038,13933123.54
348235257615511,2018-03-01T05:45:38.000Z,557,96033,16347943.16
348390084708787,2018-07-01T06:19:06.000Z,507,59710,13220737.08
348400808911398,2018-04-01T01:04:19.000Z,588,13157,13656815.73
348413196172048,2018-12-01T21:29:58.000Z,642,92258,14239862.42
348518253481519,2017-10-11T02:37:04.000Z,644,92676,14665698.37
348535611438049,2017-12-05T09:42:41.000Z,205,12769,13721687.57
348536585266345,2018-11-01T17:24:36.000Z,413,38863,13854774.38
348546826126582,2018-12-01T23:15:17.000Z,286,48159,12278927.98
348684315090900,2018-12-01T12:43:17.000Z,260,70001,14621729.51
348701439056464,2017-11-09T01:16:17.000Z,685,74720,12451374.8
348702330256514,2018-11-02T00:00:00.000Z,339,33946,13011526.35
348818434931000,2018-01-02T01:27:58.000Z,282,56701,13599127.94
348890647161465,2018-01-01T08:06:54.000Z,293,96080,9924773.46
348962542187595,2018-05-01T22:43:04.000Z,522,81132,15252305.91
349000329241977,2018-01-01T06:21:33.000Z,358,28681,14931037.71
349076799101265,2018-09-01T02:12:30.000Z,231,82941,12876069.67
349081750252918,2017-11-12T20:32:51.000Z,500,77568,13407315.45
349143706735646,2018-10-01T15:04:33.000Z,298,54498,12596656.37
349150311183125,2018-12-01T17:59:18.000Z,224,99666,12461744.45
349186222855183,2017-11-11T11:58:27.000Z,612,48501,14276713.97
349237491603133,2018-04-01T15:07:01.000Z,261,88346,14809503.6
349254330876970,2017-12-07T04:36:49.000Z,486,16845,15055050.62
349261557797449,2017-12-07T08:07:29.000Z,339,97133,10659195.57
349296639004201,2017-12-11T23:05:10.000Z,529,28774,13435808.47
349612084165104,2017-12-08T04:59:14.000Z,342,25508,14893503.82
349805666286145,2017-09-11T16:05:03.000Z,215,94806,14725794.83
349853936122178,2018-01-01T13:22:54.000Z,679,82450,13021839.73
349880127547980,2017-12-03T16:33:53.000Z,404,48445,12086633.05
349996104851677,2018-04-01T04:35:00.000Z,603,49309,12474196.47
370422335609431,2018-05-01T13:56:23.000Z,211,42351,15008817.95
370582035866789,2018-09-01T07:28:31.000Z,313,13328,13146336.25
370628435959605,2018-11-01T08:37:55.000Z,365,72038,13541458.54
370629034565111,2017-07-03T04:53:42.000Z,458,38317,12558162.79
370702300939151,2017-11-10T04:34:41.000Z,337,13844,16908419.67
370721155581754,2018-03-01T23:18:59.000Z,570,62954,15043220.97
370879584654784,2018-07-01T18:36:27.000Z,635,25676,11775716.97
370885717004636,2018-10-01T13:19:13.000Z,606,75415,13507625.83
371083100098694,2018-12-01T02:11:16.000Z,305,14110,12451919.49
371084325684552,2018-10-01T09:48:33.000Z,205,12760,9605928.77
371085417506954,2018-08-01T19:11:10.000Z,599,49323,14000361.1
371218477158904,2018-05-01T17:27:03.000Z,354,13339,14511009.06
371224213544891,2017-12-11T16:03:49.000Z,122,64862,13323703.55
371618511912743,2018-08-01T01:37:48.000Z,289,21711,12987565.71
371691542552208,2017-12-06T15:21:07.000Z,205,44287,15435916.07
371814781663843,2017-11-03T23:00:32.000Z,308,13364,14311195.38
371829395919892,2018-12-01T17:59:18.000Z,275,16235,14373073.34
371898441547435,2017-11-08T06:09:52.000Z,504,11756,14011038.5
372054744798748,2016-12-02T11:38:44.000Z,277,35062,15418844.07
372058622871109,2018-01-01T13:22:54.000Z,359,57353,14391564.23
372141480922912,2018-07-01T16:51:07.000Z,335,24328,15265678.44
372183631158095,2018-11-01T06:52:35.000Z,519,46371,13990468
372241417069532,2018-04-01T04:35:00.000Z,435,58788,11323593.42
372336918813721,2017-12-04T08:09:38.000Z,637,46170,12946789.22
372347439772378,2017-05-08T16:44:21.000Z,636,21222,11839001.75
372367382019172,2018-11-01T20:55:16.000Z,680,72630,15723796.17
372421833019999,2017-11-12T17:02:10.000Z,669,25880,13128867.81
372473469966484,2018-11-01T06:52:34.000Z,416,26719,11044586.92
372506852785436,2018-10-01T06:17:53.000Z,545,53951,11590484.26
372686692947647,2018-10-01T08:03:13.000Z,517,50669,13814378.45
372761911834379,2018-12-01T21:29:58.000Z,583,84043,15296795.02
372805987499499,2017-12-10T19:12:04.000Z,377,18220,12740740.75
372814055224156,2018-04-01T20:23:01.000Z,608,97624,10942709.51
372836467968905,2017-12-01T10:31:49.000Z,483,16248,14570262.21
372838963275954,2017-12-06T11:50:26.000Z,670,30529,13057267.62
372925786065494,2018-11-01T00:00:00.000Z,264,37150,14252570.61
373010392563786,2018-10-01T18:35:14.000Z,456,76360,14979994.78
373151716385585,2018-11-01T13:53:55.000Z,387,62918,15813431.54
373228713895619,2018-12-01T09:12:37.000Z,602,55613,14730102.11
373290715094723,2017-12-05T11:28:02.000Z,364,40481,12251324.59
373320949356351,2017-12-09T03:36:19.000Z,502,97494,12837789.81
373392918838641,2018-06-01T07:29:44.000Z,403,66520,14672507.97
373612925758575,2017-06-09T08:54:48.000Z,270,14748,14166404.41
373617064497930,2017-12-05T02:41:21.000Z,413,77473,13551037.4
373684651927585,2018-12-01T10:57:57.000Z,507,13833,14831716.21
373748808330229,2017-12-04T09:54:58.000Z,685,13368,13112498.13
373848247566260,2018-11-01T13:53:55.000Z,661,15693,12860252.9
373862770187010,2017-11-11T20:45:08.000Z,645,59456,11832641.19
373866218194240,2018-11-01T15:39:15.000Z,351,63014,13659152.1
373985910177356,2017-12-06T20:37:07.000Z,255,56029,15009700.52
374169325578072,2017-11-06T23:33:06.000Z,317,15532,13512112.14
374174065094615,2018-11-01T17:24:36.000Z,399,62006,15415912.93
374402729392753,2018-07-01T16:51:07.000Z,682,35477,12543154.57
374412866126488,2018-10-01T13:19:13.000Z,578,27844,16123410.98
374437449333250,2017-12-04T11:40:18.000Z,484,98637,11476019.29
374543818590344,2018-11-01T01:36:34.000Z,653,15721,16306806.47
374693639484635,2017-12-01T10:31:48.000Z,621,87753,12720286.86
374878208630443,2018-04-01T22:08:21.000Z,694,12747,14473690.98
374903724341206,2018-08-01T20:56:30.000Z,672,40940,10918499.78
374912246967863,2018-12-01T16:13:57.000Z,236,79788,12943046.83
375195928849516,2018-09-01T10:59:11.000Z,699,52738,13690765.34
375372047396189,2017-06-09T22:57:29.000Z,553,38486,13640545.97
375444037491963,2018-11-01T03:21:54.000Z,596,75642,15190342.69
375481506730356,2017-10-11T00:51:44.000Z,433,43981,12637825.65
375488312719892,2018-09-01T21:31:12.000Z,435,36776,6728108.92
375534319569687,2018-02-01T15:42:57.000Z,224,77566,12796862.97
375592272607440,2018-12-01T05:41:57.000Z,615,70513,13355150.86
375649710331114,2017-11-02T06:48:52.000Z,513,54546,14483473.23
375667514735949,2017-11-08T06:09:53.000Z,700,28515,12610628.87
375771346371172,2018-04-01T02:49:40.000Z,439,46946,14824362.85
375773536539674,2018-09-01T09:13:50.000Z,322,19310,12113640.01
375806375521605,2018-02-01T01:40:15.000Z,377,68833,10939434.64
375808802792172,2018-12-01T07:27:16.000Z,339,16820,13381947.24
375956299108731,2017-12-04T20:27:00.000Z,371,74734,17409473.34
375969750295919,2017-12-12T19:22:12.000Z,572,42406,13248880.62
376076338645785,2018-11-01T20:55:15.000Z,656,96068,14995744.46
376180978100967,2017-12-12T17:36:52.000Z,293,58416,14527266.21
376210072577823,2018-12-01T05:41:56.000Z,551,88101,13588225.62
376211080814409,2018-11-01T13:53:55.000Z,671,63540,13180464.36
376260154282959,2018-08-01T20:56:29.000Z,605,83283,14368622.45
376334412974395,2018-12-01T23:15:18.000Z,596,22644,16381151.06
376469384160903,2017-12-08T22:32:36.000Z,473,50527,12972208.63
376520514966301,2018-01-01T15:08:14.000Z,411,97753,14375380.53
376529531057128,2018-10-01T04:32:32.000Z,429,62884,14509622.19
376581225375047,2018-09-01T09:13:50.000Z,300,52202,12719190.16
376587801816518,2018-10-01T16:49:54.000Z,235,13666,16835684.35
376842032685065,2018-12-01T16:13:57.000Z,293,59632,14844790.77
376969719175819,2018-09-01T09:13:51.000Z,417,18087,12715240.75
377003731690040,2018-08-01T20:56:30.000Z,526,16373,14806079.93
377021038366997,2018-10-01T01:01:52.000Z,440,36023,16448837.25
377037030364630,2018-11-01T08:37:54.000Z,677,38941,11833150.94
377043496392846,2017-12-03T11:17:53.000Z,637,71721,11953324.06
377201318164757,2017-11-11T15:29:06.000Z,432,65688,13614432.79
377222990760284,2018-07-01T20:21:47.000Z,696,49838,9532208.21
377234269263566,2018-03-01T05:45:37.000Z,230,13142,13419622.15
377354648727422,2018-11-01T13:53:55.000Z,208,16261,11709244.95
377397851510379,2018-11-02T00:00:00.000Z,256,56149,13613354.64
377418186450108,2017-11-04T12:50:56.000Z,698,28544,13231979.43
377486478316529,2018-07-01T23:52:27.000Z,493,78543,12268510.97
377594552158576,2018-01-01T20:24:14.000Z,697,23827,13650004.75
377613757081026,2018-05-01T01:39:02.000Z,317,74745,13976864.65
377705276225880,2018-03-01T02:14:58.000Z,671,13807,9220465.87
377718993122068,2018-01-02T08:29:19.000Z,587,58313,13672814.23
377733163286178,2018-01-02T04:58:38.000Z,364,95988,13153589.43
377784820509467,2017-11-09T13:33:38.000Z,283,75681,13558628.23
377957853699361,2018-06-01T07:29:44.000Z,215,69219,16052726.57
377990229586573,2018-07-01T06:19:05.000Z,263,77301,12851805.69
378001698534979,2018-12-01T09:12:37.000Z,533,51333,10906245.75
378106661052189,2017-11-04T05:49:36.000Z,514,44452,14097751.99
378118026791597,2018-09-01T10:59:10.000Z,570,29056,10217100.96
378297007468342,2018-12-01T03:56:36.000Z,270,14449,13359897.82
378303738095292,2018-06-01T14:31:05.000Z,225,41778,13885882.69
378481270884534,2018-12-01T16:13:58.000Z,392,73002,12728432.65
378586484293754,2017-12-01T10:31:49.000Z,337,31806,11616199.82
378660569352349,2018-12-01T23:15:18.000Z,365,83809,15583729.89
378769096633923,2018-11-01T05:07:15.000Z,700,38315,13827211.53
378827123583890,2018-05-01T03:24:22.000Z,683,32544,14965456.21
378868585264501,2018-05-01T19:12:23.000Z,531,41843,13560524.44
378891785991946,2018-07-01T11:35:06.000Z,258,99116,11747973.02
379321864695232,2018-03-01T00:29:37.000Z,297,98837,14215840.56
379415836364353,2018-10-01T22:05:54.000Z,183,99771,11598392.35
379517887742356,2017-09-02T00:23:27.000Z,322,42151,13022627.38
379878435064856,2018-12-01T19:44:38.000Z,523,72338,14143615.94
379899578891759,2018-05-01T20:57:43.000Z,529,36373,15177522.49
379937613248507,2017-12-12T22:52:53.000Z,253,52222,11786464.93
4006877360909029,2018-10-01T20:20:33.000Z,581,72442,14745489.35
4008296976913457,2018-08-01T19:11:09.000Z,388,18444,13232909.21
4009218272111551,2018-11-01T22:40:36.000Z,546,30175,9908630.09
4.01124E+15,2018-11-01T12:08:35.000Z,625,18466,14029487.94
4011531994939208,2017-11-06T23:33:06.000Z,467,33930,16514781.31
4021208445551712,2018-09-01T16:15:11.000Z,560,19936,13094695.52
4.02142E+15,2017-12-12T12:20:51.000Z,363,23426,14086432.93
4027850798795885,2018-09-01T07:28:30.000Z,602,28635,12805682.52
4028859415910917,2017-12-02T19:40:55.000Z,651,15665,13894521.09
4.0301E+15,2018-12-01T00:25:56.000Z,554,16048,14103324.84
4.03323E+15,2018-12-01T17:59:18.000Z,325,16334,12913474.19
4.03908E+15,2018-01-02T08:29:19.000Z,604,65047,12437196.71
4.03914E+15,2018-07-01T18:36:27.000Z,436,38580,15271615.72
4045078988883281,2017-12-05T00:56:01.000Z,654,56552,11879882.18
4045133934926419,2018-09-01T19:45:52.000Z,262,36584,15437741.45
4050557898062336,2018-12-01T19:44:38.000Z,697,48805,10480419.64
4051600947391295,2018-11-01T19:09:55.000Z,587,12136,13610304.66
4062043784513308,2017-11-03T00:11:10.000Z,593,18066,14257587.64
4067184730430984,2018-06-01T19:47:05.000Z,544,19355,13615978.85
4070564266205733,2018-02-01T17:28:16.000Z,525,13645,12989995.84
4073709180959249,2018-11-01T01:36:34.000Z,471,97635,15503582.97
4085635107331269,2017-08-09T08:18:52.000Z,383,48049,14552895.8
4086891241655308,2018-11-01T06:52:35.000Z,542,54530,14446021.92
4089315597535812,2017-12-10T20:57:24.000Z,209,39149,12768144.51
4091570463205389,2018-01-01T09:52:13.000Z,362,55316,15179697.52
4.09717E+15,2018-12-01T02:11:16.000Z,472,63043,13238479.93
4098144244471133,2017-12-09T01:51:00.000Z,671,52156,8538719.56
4100605044414693,2018-01-02T03:13:18.000Z,594,28777,12328028.03
4.10596E+15,2018-10-01T04:32:32.000Z,556,65663,13944530.75
4111070898318473,2018-12-01T19:44:38.000Z,301,46562,16123903.19
4115056128951163,2018-08-01T17:25:49.000Z,331,79364,13541663.16
4115747122253792,2017-11-03T03:41:50.000Z,272,64788,10311685.99
4.11734E+15,2018-11-01T13:53:54.000Z,204,14571,15625284.19
4117959128633814,2017-11-05T23:10:41.000Z,560,49713,12991317.13
4126356979547079,2017-10-11T13:09:05.000Z,345,54103,14944025.08
4126467922316957,2018-12-01T09:12:36.000Z,428,11692,15183065.45
4131793751981733,2018-09-01T10:59:11.000Z,288,18435,12710205.34
4132381122041426,2018-10-01T15:04:33.000Z,202,19006,12670614.08
4138903387323464,2018-03-01T07:30:58.000Z,517,12492,10289985.34
4.14079E+15,2018-12-01T00:25:55.000Z,433,12156,13912059.51
4153668574256617,2018-11-01T22:40:36.000Z,538,45896,12809892.01
4173451524840806,2017-12-02T14:24:55.000Z,432,39044,14364587.02
4174085648252388,2018-12-01T10:57:57.000Z,411,76640,14310078.11
4178442333576645,2017-11-06T16:31:45.000Z,397,33847,13048494.35
4181156753111775,2018-11-02T00:00:00.000Z,447,61276,13569598.48
4193928740720868,2018-10-01T18:35:14.000Z,282,96784,10484641.07
4195856958700454,2018-07-01T18:36:27.000Z,575,62844,15905620.5
4199381723922453,2017-10-12T21:43:28.000Z,599,26404,15735345.23
4206756012407095,2018-10-01T15:04:33.000Z,315,48203,10750319.33
4.22916E+15,2017-11-04T11:05:36.000Z,700,45894,14510556.03
4231338218414164,2018-11-01T03:21:54.000Z,338,74360,13479331.4
4232502178358286,2017-08-04T19:53:31.000Z,531,19480,13788979.08
4.23475E+15,2017-10-12T07:40:47.000Z,650,12192,15997005.69
4237648081700588,2018-12-01T07:27:17.000Z,399,52171,12965910.75
4244926541901207,2017-10-12T00:39:27.000Z,306,35751,13797481.47
4247253910869262,2017-10-07T10:28:46.000Z,231,27827,12125361.25
4250028739827574,2018-05-01T08:40:22.000Z,420,88027,14763314
4254473646841464,2017-10-11T21:55:46.000Z,555,39751,14277088.99
4256656637307408,2018-12-01T23:15:18.000Z,623,88046,11609731.7
4260601646597395,2018-11-01T17:24:36.000Z,226,19041,12994660.13
4264553579186587,2018-01-01T06:21:34.000Z,504,50424,16337910.24
4265829080716842,2018-12-01T03:56:36.000Z,441,33767,14226729.18
4282522991228333,2017-12-05T00:56:00.000Z,316,41146,15160994.96
4284040060392011,2017-05-04T12:53:24.000Z,434,49318,10346038.69
4292753090004543,2017-09-11T02:02:21.000Z,201,70774,13789872.78
4294314313531701,2018-03-01T14:32:18.000Z,497,57540,10499312.25
4296140634812134,2017-12-06T15:21:07.000Z,695,10914,14295575.37
4302943998655086,2018-12-01T14:28:38.000Z,274,36587,8508748.33
4311293461014703,2017-10-08T07:20:31.000Z,230,65479,13522472.86
4311319523314086,2018-12-01T16:13:57.000Z,206,27359,14322002.58
4311357000935759,2017-12-02T09:08:54.000Z,596,49253,14858499.69
4314008605559737,2018-06-01T14:31:05.000Z,414,95697,15051548.11
4318541450654035,2018-09-01T10:59:11.000Z,381,16335,16585271.36
4339485975491777,2018-09-01T00:27:09.000Z,573,74034,15723536.8
4341905447284548,2018-12-01T02:11:16.000Z,444,71726,12873427.14
4353614029446427,2018-10-01T23:51:13.000Z,219,15311,15194594.57
4356201405998945,2018-09-01T23:16:31.000Z,600,77449,13922478.39
4365071287938445,2018-10-01T22:05:54.000Z,652,56678,13361665.29
4367125470626536,2017-12-11T00:15:48.000Z,408,76401,13374988.85
4367947038866522,2018-12-01T23:15:18.000Z,424,12787,14094734.7
4368575988240338,2017-07-01T09:23:39.000Z,460,87083,14401639.12
4373464339970856,2018-12-01T02:11:16.000Z,379,74056,14345039.56
4380357644954006,2018-11-01T15:39:15.000Z,689,98953,12522106.07
4.38522E+15,2018-04-01T11:36:20.000Z,503,25917,13926463.11
4389973676463558,2017-11-08T13:11:13.000Z,400,72475,14027983
4396925462537418,2018-03-01T16:17:39.000Z,465,19503,11170086.24
4397207630424731,2018-12-01T09:12:36.000Z,427,40492,14953421.41
4403085735771756,2018-09-01T03:57:50.000Z,531,86445,15497866.15
4403177363738387,2018-09-01T23:16:32.000Z,487,72515,13742836.03
4404471645429439,2018-10-01T08:03:13.000Z,606,39144,11901112.93
4405971677755493,2018-11-01T08:37:55.000Z,221,57538,14388892.72
4407230633003235,2018-05-01T22:43:03.000Z,567,41175,11573240.56
4407880230914463,2017-11-02T15:35:32.000Z,417,16110,16314798.43
4411296946890133,2018-01-01T02:50:53.000Z,669,49050,13893484.39
4411472198246163,2018-12-01T10:57:57.000Z,629,13660,13918071.63
4416533767867617,2018-11-01T10:23:15.000Z,379,72354,12211157.63
4417800058722945,2018-09-01T23:16:31.000Z,469,86514,14216218.57
4418227862530505,2017-12-02T12:39:35.000Z,318,99769,14744406.99
4439501833420177,2018-10-01T09:48:33.000Z,517,77967,14179464.36
4442008377066882,2018-04-01T20:23:01.000Z,396,53191,13182307.18
4442710124832652,2018-09-01T10:59:11.000Z,610,26062,14202275.33
4443977873814533,2018-04-01T09:51:00.000Z,679,34201,11268966.61
4.44575E+15,2018-10-01T23:51:14.000Z,398,41268,12933369.14
4446163202068268,2018-04-01T23:53:41.000Z,538,25118,14418353.19
4.45445E+15,2018-08-01T12:09:49.000Z,288,99566,12706974.33
4464704466589056,2018-10-01T23:51:13.000Z,206,28364,12460318.15
4474098233418402,2018-12-01T17:59:18.000Z,496,88341,12971365.69
4482511371042362,2017-12-12T21:07:33.000Z,578,96760,13625698.97
4.48495E+15,2018-10-01T08:03:13.000Z,462,13324,12772424.11
4492848090158931,2017-12-07T04:36:49.000Z,540,84038,14101236.77
4492996315795951,2018-12-01T02:11:16.000Z,689,64079,13966388.91
4496946612224474,2018-12-01T10:57:57.000Z,482,63039,10137768.99
4.49747E+15,2018-12-01T23:15:18.000Z,372,17568,13923146.72
4499265864169049,2018-09-01T03:57:50.000Z,234,57621,14396690.76
4500499651579063,2018-03-01T00:29:37.000Z,683,92307,13488372.79
4502008970767222,2018-12-01T12:43:17.000Z,657,50140,13231099.13
4502225944209756,2018-07-01T23:52:27.000Z,659,74039,12693104.89
4514530683854555,2018-12-01T19:44:38.000Z,271,26615,16175449.6
4519377299387785,2018-11-01T22:40:35.000Z,377,59032,13098322.82
4529705382194205,2018-11-01T13:53:55.000Z,398,28139,15771320.31
4530469269316897,2017-09-09T05:22:54.000Z,226,93562,12324362.65
4534262093720095,2018-12-01T03:56:37.000Z,631,76685,10875979.9
4535465474161925,2018-02-01T15:42:56.000Z,434,29166,13628508.66
4538028393235712,2018-07-01T11:35:07.000Z,221,18059,13376284.86
4.53974E+15,2018-10-01T11:33:53.000Z,400,87322,14972866.24
4540807128933493,2018-04-01T16:52:20.000Z,296,87068,13131066.87
4544221210442486,2018-08-01T06:53:48.000Z,319,35478,13725709.1
4544901336867068,2018-07-01T16:51:07.000Z,603,28451,13970774.3
4546430394425179,2018-02-01T10:26:55.000Z,425,22546,11990018.47
4.54981E+15,2018-01-02T06:43:58.000Z,404,57661,12987932.04
4552141762363568,2018-12-01T10:57:57.000Z,663,47003,8158334.23
4553555943291845,2018-01-01T11:37:33.000Z,677,92277,12667449.1
4566853351752365,2017-03-04T20:30:40.000Z,577,77831,15066035.2
4571324075682075,2018-08-01T08:39:08.000Z,445,65473,13200104.43
4573337022888445,2017-12-10T15:41:24.000Z,697,78838,12557992.17
4573831686695682,2018-12-01T23:15:17.000Z,501,47469,13526877.11
4573936539589519,2018-03-01T00:29:37.000Z,471,12516,16703879.41
4574835645662294,2018-02-01T20:58:56.000Z,318,81138,14022932
4577147178038935,2017-10-04T17:32:14.000Z,612,49733,14005343.75
4585242021970523,2018-11-02T00:00:00.000Z,567,25849,13593513.63
4585507001684561,2018-12-01T10:57:57.000Z,554,60154,12790755.38
4586353565904288,2018-11-01T08:37:55.000Z,316,43008,14341202.74
4591340227802631,2018-12-01T14:28:37.000Z,695,12474,14148380.73
4591972398432267,2018-04-01T01:04:19.000Z,253,97909,16600298.55
4593066224121489,2018-10-01T22:05:54.000Z,360,75180,15057303.25
4.59421E+15,2018-10-01T20:20:33.000Z,670,97909,14672266.89
4598225659063187,2018-02-01T10:26:56.000Z,355,25111,13307187.16
4.59971E+15,2018-12-01T02:11:16.000Z,393,22935,15644358.24
4600996294769125,2018-12-01T09:12:36.000Z,649,98660,12312384.5
4602961819450997,2017-11-09T01:16:17.000Z,237,24258,11944947.45
4603032655606974,2018-09-01T10:59:11.000Z,582,18328,14636420.99
4615049063698332,2018-12-01T23:15:18.000Z,394,36518,14956201.11
4621825124121683,2018-11-02T00:00:00.000Z,340,16021,13913392.69
4625371899772166,2017-12-01T03:30:28.000Z,552,15072,10230648.69
4626036516871563,2017-12-10T10:25:24.000Z,603,38368,14977898.83
4628071276015497,2018-05-01T10:25:43.000Z,565,76848,11508227.75
4628862987162481,2018-06-01T16:16:25.000Z,523,80520,12042596.97
4629506290655223,2017-09-12T00:04:44.000Z,654,84301,12281400.31
4639774182867649,2018-11-01T10:23:14.000Z,636,58259,14183401.73
4640177921835892,2017-12-05T20:14:42.000Z,557,51556,12360079.55
4664730916992291,2018-11-01T03:21:54.000Z,347,31641,13700187.21
4666293396972265,2018-06-01T19:47:05.000Z,215,20779,17291087.93
4666614632372095,2018-12-01T03:56:37.000Z,533,89449,14625523.47
4.67734E+15,2017-07-09T21:46:51.000Z,306,28358,14175044.91
4687130398673191,2018-07-01T18:36:27.000Z,285,36539,13797725.41
4689314809377828,2018-08-01T12:09:48.000Z,632,85371,15008293.62
4693491050371397,2018-12-01T00:25:56.000Z,572,12077,13746840.7
4695585177578418,2018-06-01T02:13:43.000Z,434,56758,13569579.2
4701470098389678,2018-12-01T03:56:36.000Z,629,56093,13609207.75
4706324468609279,2018-11-01T00:00:00.000Z,428,54562,12306213.56
4708912758619517,2018-11-01T00:00:00.000Z,372,31650,12875679.91
4719418574936017,2017-10-07T13:59:25.000Z,659,68637,13069459.07
4719904679307808,2018-05-01T06:55:01.000Z,692,36853,14329306.64
4725819476071294,2017-12-06T04:49:06.000Z,262,62006,12071166.55
4728422281096767,2018-05-01T13:56:22.000Z,512,28364,13796708.6
4729800865779891,2018-09-01T21:31:12.000Z,504,31781,14685994.26
4.73243E+15,2018-11-01T12:08:34.000Z,604,64728,12413001.98
4738977471328351,2018-12-01T03:56:36.000Z,496,15634,15720045.6
4740814526134581,2017-12-05T09:42:42.000Z,617,12086,11825326.77
4748267598409435,2017-10-11T23:41:06.000Z,367,21530,14676052.34
4750357279980443,2017-08-04T16:22:50.000Z,633,15064,12852143.82
4750699680073601,2018-11-01T19:09:56.000Z,390,52637,15120722.05
4752997028567419,2018-10-01T20:20:34.000Z,456,18328,14563276.88
4758574675978399,2017-12-10T19:12:04.000Z,341,43761,11153674.7
4766513674065931,2018-09-01T16:15:11.000Z,644,18929,13330230.66
4766789897935106,2018-12-01T00:25:56.000Z,329,70001,11892932.59
4780428698890762,2018-02-01T17:28:16.000Z,637,15142,15056748.44
4782879464621468,2018-01-02T01:27:58.000Z,462,92004,15207242.17
4783847711916105,2018-10-01T06:17:53.000Z,542,53023,11513614.56
4784062170213346,2018-09-01T07:28:30.000Z,321,21634,14311804.51
4791509843869434,2017-10-12T23:28:49.000Z,581,47631,15924413.61
4794825952312322,2018-06-01T12:45:45.000Z,312,52325,16261631.39
4.79584E+15,2018-09-01T00:27:10.000Z,249,16874,15403074.22
4806465615271486,2017-12-10T06:54:43.000Z,652,48652,8365488.88
4808053160792581,2018-10-01T15:04:33.000Z,303,63061,14945115.74
4814251740035297,2018-10-01T22:05:54.000Z,306,47260,15991163.53
4818950814628962,2017-07-05T01:33:10.000Z,660,12738,5085352.51
4835462253000421,2018-02-01T03:25:35.000Z,623,45332,12041625.25
4838289241690162,2017-12-11T09:02:28.000Z,682,37050,12053519.57
4843427671707568,2018-03-01T21:33:39.000Z,652,28630,14252153.25
4851468805032068,2018-12-01T10:57:57.000Z,234,15454,11216023.51
4854079029938258,2018-09-01T14:29:50.000Z,565,17327,13731263.4
4855193368821345,2018-08-01T03:23:08.000Z,349,27871,12607889.84
4857664435745632,2018-10-01T16:49:53.000Z,486,64474,12176210.7
4863127030291206,2017-12-02T23:11:35.000Z,642,24279,14768333.36
4863838117519042,2017-12-11T21:19:49.000Z,541,16871,13842791.98
4.86556E+15,2017-09-03T11:19:07.000Z,376,78883,12661440.56
4865944762532039,2018-11-01T05:07:14.000Z,308,85309,15706586.09
4867984398917277,2018-07-01T02:48:26.000Z,330,36541,16112703.46
4.87413E+15,2017-12-07T08:07:30.000Z,289,17762,11567740.41
4877961603808028,2018-07-01T01:03:05.000Z,244,49637,14213813.99
4878073003907787,2018-11-01T03:21:54.000Z,215,14051,12691112.84
4880555792918633,2017-12-09T03:36:20.000Z,210,44062,13447257.73
4880612947522735,2017-12-08T19:01:56.000Z,283,23878,12502471.94
4882321366196223,2018-07-01T11:35:06.000Z,387,43110,12004621.01
4884675916388749,2018-01-01T09:52:14.000Z,662,65586,12907043.52
4891838602531227,2018-07-01T22:07:07.000Z,323,17364,13853844.77
4896964381099668,2017-10-07T22:46:07.000Z,420,95689,16871225.89
4898696025347073,2018-07-01T06:19:05.000Z,678,47532,13130026.8
4900158284738613,2018-12-01T23:15:18.000Z,429,95035,15732224.29
4901426498591733,2018-10-01T01:01:52.000Z,250,15333,12050439.85
4903163541070948,2018-10-01T15:04:32.000Z,355,57366,11489931.99
4907100519309672,2018-11-01T05:07:15.000Z,609,87513,13024610.52
4907253800863053,2018-11-01T12:08:34.000Z,549,51445,8784002.23
4912283317328855,2017-12-12T17:36:53.000Z,654,19086,14736050.45
4920755586724203,2018-04-01T11:36:20.000Z,446,98829,13838510.96
4922731045342885,2017-12-01T05:15:48.000Z,484,30412,14028767.16
4928199446833106,2017-10-12T16:27:28.000Z,227,41554,14557035.4
4929190345147168,2018-12-01T17:59:18.000Z,389,27045,13313592.57
4930673611522278,2018-12-01T05:41:56.000Z,398,36585,14833639.04
4931975593128043,2018-08-01T01:37:48.000Z,638,93527,12118080.14
4934097515281524,2018-12-01T16:13:58.000Z,288,97414,13937566.31
4936690463186154,2018-10-01T11:33:53.000Z,496,47370,10681874.24
4938151621292721,2017-11-06T21:47:46.000Z,321,28758,11086567.32
4.96609E+15,2018-01-01T18:38:55.000Z,180,84313,14482686.15
4.96631E+15,2018-10-01T20:20:33.000Z,251,42368,11558141.36
4971181862764011,2017-12-06T08:19:47.000Z,325,56639,13688888.76
4981548424137027,2017-12-01T12:17:10.000Z,335,98377,14837277.68
4983470061480081,2018-08-01T20:56:29.000Z,599,50557,14066980.03
4989696754034686,2018-04-01T11:36:20.000Z,642,55931,12461302.39
4.99338E+15,2018-11-01T01:36:34.000Z,648,81059,16477513.4
4995478705000641,2017-11-12T11:46:10.000Z,409,30126,16561706.25
5.1009E+15,2018-11-01T22:40:35.000Z,262,78380,14853917.07
5.10304E+15,2017-12-07T04:36:49.000Z,642,93282,15905834.87
5104589972508085,2017-11-03T00:11:10.000Z,572,57520,15126135.64
5107904414514251,2018-11-01T13:53:55.000Z,291,44280,8891543.73
5115273575078211,2018-08-01T15:40:29.000Z,658,42082,13014104.83
5115488257114932,2018-09-01T14:29:51.000Z,259,15446,13519067.62
5116700372358262,2017-12-10T06:54:42.000Z,400,71959,12831863.24
5117611358343682,2018-06-01T18:01:44.000Z,651,28649,13676827.58
5.11816E+15,2018-09-01T05:43:10.000Z,539,18426,15191770.7
5120797095760489,2018-08-01T10:24:28.000Z,295,12065,11950553.31
5124761075736311,2017-07-09T13:00:10.000Z,467,53127,11456803.27
5127318999406559,2018-11-01T12:08:35.000Z,528,38023,14016998.63
5.12763E+15,2018-08-01T19:11:10.000Z,636,15521,11507130.2
5131732061043047,2018-02-01T05:10:55.000Z,568,72573,11627546.58
5.13433E+15,2018-08-01T03:23:08.000Z,270,45896,13973482.48
5134479292018417,2018-09-01T07:28:30.000Z,621,14425,12277994.2
5136319769899261,2018-07-01T04:33:45.000Z,312,19565,15409649
5137733204831953,2018-10-01T01:01:52.000Z,213,12750,13977721.18
5140973081437202,2018-05-01T10:25:42.000Z,421,48125,13173733.34
5141152908110743,2018-12-01T00:25:56.000Z,658,27956,14372255.73
5141224133922208,2017-12-12T21:07:32.000Z,303,80513,13819183.82
5145046887951901,2018-03-01T02:14:58.000Z,581,47857,16336867.71
5.14651E+15,2018-01-01T20:24:14.000Z,537,99669,15422883.11
5147189362741898,2017-12-10T08:40:03.000Z,436,16321,13381128.71
5.14729E+15,2018-03-01T16:17:39.000Z,282,44438,15002142.13
5152216287869314,2018-09-01T03:57:50.000Z,529,28456,14538318.18
5155306014315751,2018-12-01T19:44:38.000Z,244,54667,9790801.34
5155708512920844,2018-05-01T06:55:02.000Z,576,14769,12700687.56
5159806837821238,2018-12-01T10:57:57.000Z,587,62843,12821887.35
5160861004042149,2018-12-01T05:41:56.000Z,410,12823,12007267.41
5162808285745682,2017-11-02T08:34:11.000Z,469,12741,10436438.28
5164350576074967,2017-11-10T20:22:42.000Z,684,89823,13632084.56
5164771396791995,2018-10-01T04:32:32.000Z,497,61375,12523157.12
5164820365443847,2017-12-08T01:28:34.000Z,272,23058,10693279.11
5169554853813584,2018-04-01T13:21:40.000Z,663,34284,15262066.77
5170378912309021,2017-11-04T21:37:37.000Z,696,31563,10668336.59
5171544654452712,2018-08-01T03:23:07.000Z,274,28762,13026807.57
5171696819658029,2018-11-01T17:24:35.000Z,203,77417,13008963.88
5173634837993159,2017-12-08T17:16:36.000Z,533,78931,12977232.14
5175055180166201,2018-11-01T12:08:35.000Z,323,17023,13329828.38
5175735819607028,2018-11-02T00:00:00.000Z,346,52054,13349911.22
5179234518379853,2017-08-09T17:05:32.000Z,529,54107,12435202.72
5179654901065191,2018-11-01T01:36:34.000Z,635,91714,14090378.18
5179670368627877,2018-12-01T16:13:58.000Z,638,48892,11248474.76
5181761133579497,2018-10-01T22:05:54.000Z,489,56013,15952763.76
5183023558492716,2018-01-02T01:27:59.000Z,444,74070,13137202.28
5183685760646758,2017-12-07T06:22:10.000Z,556,84775,15424624.44
5183877855459201,2017-12-11T23:05:10.000Z,544,54846,14129902.05
5186615811954262,2018-11-01T19:09:56.000Z,449,78501,13252857.4
5189508376741603,2017-12-09T01:50:59.000Z,531,84642,12187159.55
5189563368503974,2018-06-01T09:15:04.000Z,289,30234,15709010.08
5190676228915324,2018-01-02T04:58:39.000Z,458,85268,15988473.44
5192408891424105,2018-10-01T02:47:12.000Z,233,72333,12704736.26
5192453899317992,2017-10-07T15:44:46.000Z,604,40807,14810435.16
5195270197191862,2018-07-01T06:19:06.000Z,629,62893,10935952.18
5196689223018436,2018-01-02T08:29:19.000Z,410,59827,13624762.63
5199668505923429,2017-12-06T20:37:07.000Z,352,25674,12621732.84
5.20412E+15,2018-03-01T02:14:57.000Z,511,59801,14835345.55
5205820663774258,2018-07-01T04:33:46.000Z,315,13064,12506824.14
5208258977394132,2018-12-01T23:15:18.000Z,447,50229,15862115.9
5208315353552491,2018-09-01T21:31:12.000Z,327,41845,13560845.28
5208579982289235,2018-10-01T22:05:54.000Z,220,23148,12256568.81
5208913608059252,2018-08-01T12:09:49.000Z,485,75048,15632595.98
5211331689203399,2017-12-11T17:49:09.000Z,360,92690,12978948.54
5211789892119498,2018-11-01T19:09:55.000Z,638,51458,15435869.34
5218975136635638,2018-12-01T10:57:57.000Z,475,50450,14427177.63
5219257261928206,2017-12-06T10:05:07.000Z,474,12834,12570363.89
5221159076474119,2017-12-07T08:07:30.000Z,525,71363,13582461.72
5221181828348995,2018-11-01T12:08:34.000Z,311,83287,13393370.14
5221229593682054,2017-12-11T07:17:09.000Z,419,66960,14414054.15
5226069160942563,2018-11-02T00:00:00.000Z,617,71860,13335462.57
5226069160942563,2018-11-02T00:00:00.000Z,617,22989,13335462.57
5.22812E+15,2018-08-01T12:09:49.000Z,582,56742,14968550.25
5229288701542966,2018-04-01T23:53:42.000Z,445,72333,17947332.49
5229376184398665,2018-04-01T18:37:41.000Z,476,77420,12494003.78
5.23061E+15,2017-12-12T07:04:51.000Z,213,49912,12676530.16
5231456036333304,2017-12-09T22:55:01.000Z,489,72657,16155142.74
5232083808576685,2018-09-01T12:44:31.000Z,566,17965,12295926.97
5.23227E+15,2018-04-01T11:36:20.000Z,638,27928,13599410.3
5.2327E+15,2018-05-01T17:27:02.000Z,207,28462,11364869.23
5239380866598772,2017-08-07T12:50:02.000Z,440,10921,12513288.99
5242841712000086,2017-11-12T02:59:28.000Z,236,39452,11870958.15
5249623960609831,2017-12-10T22:42:44.000Z,265,50007,16585247.64
5252551880815473,2018-11-01T01:36:34.000Z,449,99755,14722365.63
5.25308E+15,2017-12-02T05:38:14.000Z,512,35401,16142943.85
5.25403E+15,2018-04-01T01:04:20.000Z,310,54428,13248656.56
5256092907934761,2018-10-01T06:17:53.000Z,353,36458,13749206.8
5257502990314019,2017-11-06T14:46:25.000Z,327,97833,13525032.18
5258095619226135,2018-10-01T11:33:52.000Z,270,70718,14201066.36
5259407787026917,2018-10-01T01:01:52.000Z,271,39358,13987963.85
5259589583078695,2017-12-02T23:11:35.000Z,452,56068,12774517.95
5261344433828352,2018-11-01T17:24:36.000Z,574,17040,15337534.74
5262267934124477,2018-05-01T22:43:03.000Z,384,25119,14065058.07
5263774491002052,2018-05-01T12:11:02.000Z,676,14056,14072624.7
5266991434390355,2018-07-01T08:04:26.000Z,399,85117,14680660.06
5268962560660851,2017-11-10T09:50:41.000Z,219,27375,14216552.88
5269725031956045,2018-02-01T10:26:55.000Z,432,92277,14974631.52
5271320386643574,2018-12-01T21:29:57.000Z,621,63663,11645555.9
5.28238E+15,2017-12-11T07:17:09.000Z,695,77994,15417315.35
5284175522526975,2017-12-04T23:57:40.000Z,566,18944,14191003.8
5284859581817181,2018-02-01T19:13:36.000Z,342,15314,13624037.25
5285400498362679,2017-12-10T17:26:43.000Z,652,61731,14771425.58
5287715533395691,2018-03-01T19:48:18.000Z,592,71465,12856823.75
5289969859649714,2018-09-01T14:29:51.000Z,506,10959,8112337.4
5292351415367286,2017-11-07T09:18:08.000Z,513,50216,15060008.59
5294481722658115,2018-09-01T12:44:30.000Z,203,29002,13179075.11
5294592751808411,2018-09-01T10:59:10.000Z,675,24605,12262567.78
5294716362416849,2017-11-05T00:21:18.000Z,252,11749,12482018.75
5299801391216322,2018-02-01T06:56:15.000Z,449,24880,13963342.77
5300868809771757,2018-11-02T00:00:00.000Z,465,19040,13132532.14
5309060557968733,2018-12-01T05:41:57.000Z,433,26074,15149938.25
5309145928214329,2018-04-01T01:04:20.000Z,454,12401,13191555.1
5316831626197194,2017-12-11T05:31:48.000Z,227,95416,17364657.06
5.3175E+15,2017-11-12T13:31:30.000Z,310,15628,12478133.55
5318585357625843,2018-10-01T18:35:14.000Z,303,49030,13161847.83
5318855243541094,2018-05-01T10:25:42.000Z,312,28098,16607651.78
5.31996E+15,2017-11-07T04:02:07.000Z,462,50127,14124835.06
5326488224509995,2017-10-11T07:53:04.000Z,537,26041,9543978.27
5326648635696091,2017-12-03T18:19:13.000Z,398,83536,15250983.84
5327548911559063,2018-05-01T01:39:02.000Z,270,24597,14557579.83
5.32958E+15,2018-11-01T19:09:56.000Z,504,57031,16125123.34
5330079608360537,2017-12-04T13:25:38.000Z,405,12161,14246594.71
5336680949397908,2018-08-01T19:11:09.000Z,584,91310,12420635.41
5.34196E+15,2018-09-01T07:28:30.000Z,554,18419,13432217.97
5342400571435088,2018-10-01T01:01:51.000Z,213,13155,15160670.78
5343422029247948,2018-02-01T10:26:56.000Z,502,67474,11209084.88
5343954668572855,2018-10-01T04:32:32.000Z,438,54846,11290788.46
5347795209930318,2018-06-01T18:01:45.000Z,683,71726,14897928.6
5348260893635482,2018-01-01T23:54:54.000Z,568,25854,12374326.05
5359301116643451,2017-12-09T22:55:01.000Z,538,84009,15138495.62
5360062424232117,2018-12-01T10:57:57.000Z,523,11976,12291814.29
5367562879696867,2018-12-01T00:25:56.000Z,446,55725,12036809.93
5368134887701169,2018-02-01T13:57:36.000Z,682,72005,13997621.68
5369745659282556,2018-10-01T06:17:52.000Z,693,12522,13309023.38
5370566132171407,2018-09-01T09:13:50.000Z,309,36793,14703520.16
5371878409743134,2018-11-01T01:36:33.000Z,551,72472,14711472.43
5373249822847795,2018-11-01T13:53:55.000Z,500,74426,15272293.43
5378541629640539,2017-12-05T18:29:22.000Z,368,32633,11626108.97
5379610024035907,2017-10-02T23:47:31.000Z,612,24131,14022324.04
5.37971E+15,2017-12-06T11:50:27.000Z,452,32948,14758247.65
5380072688020054,2018-07-01T01:03:06.000Z,312,32662,11489593.66
5380172383880271,2018-11-01T19:09:55.000Z,211,42753,15450077.01
5380978184175608,2017-12-03T18:19:14.000Z,265,17868,13705608.47
5381466904123396,2018-05-01T12:11:02.000Z,275,76463,12988449.58
5384564750667727,2017-11-09T03:01:38.000Z,622,26264,13879312.52
5389269475201316,2018-09-01T19:45:52.000Z,644,40828,13226712.11
5391723993945313,2018-08-01T12:09:49.000Z,683,42323,13250529.24
5392439020331265,2017-10-12T16:27:28.000Z,277,68648,13223714.29
5392762492714233,2018-11-01T15:39:15.000Z,652,42371,15683219.45
5397412643360495,2018-10-01T23:51:13.000Z,253,37059,14168214.36
5399715069800093,2018-01-01T13:22:54.000Z,687,65479,15019916.24
5400249950855567,2017-12-02T16:10:15.000Z,523,79091,12691321.92
5400251558458125,2018-08-01T15:40:29.000Z,504,17749,10458286.39
5400745475361353,2018-04-01T09:51:00.000Z,290,27344,14724454.23
5402867499953631,2018-09-01T05:43:11.000Z,493,56442,12849107.9
5403923427969691,2018-12-01T05:41:57.000Z,324,78852,14251690.05
5407073344486464,2017-09-04T01:09:31.000Z,393,70783,11892709.56
5411141346922507,2018-03-01T00:29:37.000Z,225,94501,15727324.79
5411856842735919,2018-03-01T00:29:37.000Z,491,88123,14189035.52
5413376562421754,2017-12-05T07:57:21.000Z,225,43720,16354586.88
5413823637947883,2017-12-11T21:19:50.000Z,614,42350,14321331.84
5414439899219272,2018-10-01T09:48:33.000Z,383,95387,13450706.36
5415664587342255,2018-08-01T10:24:28.000Z,440,95549,14093536.16
5417645373480738,2017-11-10T08:05:21.000Z,639,76633,15521596.53
5418001669495759,2018-01-01T02:50:53.000Z,305,54447,13820506.86
5421435929846325,2017-12-09T22:55:01.000Z,299,52208,12779897.38
5423035333498636,2018-01-02T04:58:38.000Z,255,15009,15334560.27
5423537685380858,2018-12-01T17:59:18.000Z,671,25916,12683154.02
5423921058459194,2018-11-01T03:21:54.000Z,407,47465,13708103.82
5424592553128409,2016-09-05T21:35:08.000Z,530,21916,12896807.87
5430857369435104,2018-11-01T13:53:55.000Z,351,96799,13402190.77
5442762784886111,2018-08-01T13:55:09.000Z,541,63350,12298742.69
5447036761675606,2016-12-10T02:57:54.000Z,690,56657,12572688.31
5447253073779618,2018-05-01T17:27:03.000Z,550,15127,14157051.56
5452205273092186,2018-01-01T08:06:54.000Z,482,30535,12035126.84
5454973817468083,2016-10-10T12:20:31.000Z,565,57563,13863966.59
5455498025061222,2017-12-12T17:36:52.000Z,411,32087,15127546.45
5.46246E+15,2018-10-01T11:33:52.000Z,261,12139,10522599
5464688416792307,2018-10-01T13:19:12.000Z,469,77471,12926711.06
5465770171080208,2018-10-01T01:01:52.000Z,335,19090,13126796.55
5467032061889224,2017-11-11T18:59:47.000Z,399,27872,14059774.32
5473624776036208,2018-12-01T00:25:56.000Z,353,79536,13571142.48
5481808794715436,2017-11-05T12:38:39.000Z,390,13687,13053266.55
5487003631344145,2017-10-11T18:25:05.000Z,319,56363,13470523.42
5487718536344466,2018-09-01T12:44:31.000Z,412,29564,14589545.77
5490971443174113,2018-06-01T03:59:03.000Z,640,22430,13025537.79
5491709287669494,2018-04-01T13:21:41.000Z,290,43127,16527227.22
5494950116628858,2018-07-01T06:19:06.000Z,303,45344,13474282.69
5495445301620991,2018-06-01T12:45:45.000Z,298,93543,14178690.34
5502870447819838,2018-11-01T19:09:56.000Z,620,14033,15511634.91
5503772679920988,2018-12-01T17:59:17.000Z,499,47880,12844584.43
5504375630344543,2017-12-08T03:13:55.000Z,261,58838,11986819.74
5508842242491554,2018-10-01T08:03:13.000Z,585,11970,11135510.5
5511113187424132,2018-11-01T22:40:35.000Z,559,74082,13620362.63
5515987071565183,2017-10-09T04:12:15.000Z,217,55777,14181914.7
5517057937158439,2018-07-01T15:05:46.000Z,273,25108,15575389.03
5517690092508277,2017-12-03T06:01:53.000Z,556,15009,16764625.79
5520691299332755,2017-12-05T06:12:01.000Z,510,84773,14349588.78
5527087716468343,2017-12-03T23:35:14.000Z,536,48728,14263316.72
5528393561307415,2017-10-07T08:43:26.000Z,222,59910,13633928.36
5531958911612519,2018-12-01T19:44:38.000Z,565,12125,10803788.08
5532271262184529,2017-10-06T14:11:43.000Z,427,50449,14458504.88
5533999010176442,2017-10-10T11:01:19.000Z,220,49970,12999578.36
5534323829711423,2018-11-01T19:09:56.000Z,238,67741,11337504.69
5543219113990484,2018-05-01T01:39:02.000Z,494,94508,11269375.2
5.54498E+15,2017-11-11T01:26:25.000Z,430,70072,12577948.79
5554222726753766,2018-06-01T12:45:44.000Z,649,25985,10822712.04
5555584152987559,2018-08-01T22:41:50.000Z,552,27259,13411105.88
5556101232887623,2018-08-01T05:08:28.000Z,354,26101,11521377.22
5.55619E+15,2018-12-01T23:15:17.000Z,317,87901,9838692.31
5560553892650382,2018-04-01T18:37:40.000Z,286,96773,13560927.47
5563292710804718,2018-08-01T13:55:09.000Z,502,45387,16366210.75
5565261168536856,2018-03-01T02:14:57.000Z,201,92399,12346821.04
5572427538311236,2018-09-01T07:28:30.000Z,303,18949,11593783.19
5573293264792992,2018-11-01T20:55:16.000Z,284,95619,12422640.12
5573406918741807,2018-06-01T14:31:05.000Z,251,35749,12784982.99
5573765482062308,2017-11-12T02:59:29.000Z,241,94530,13695775.14
5575876010722616,2018-12-01T03:56:37.000Z,214,35176,14594701.52
5576498057104704,2018-12-01T19:44:38.000Z,492,53036,15001391.14
5580876732299987,2018-03-01T12:46:58.000Z,344,56571,14190520.16
5584977018799504,2017-12-10T13:56:04.000Z,412,55717,15477040.92
5585111968585833,2017-11-01T18:43:48.000Z,210,22942,17278503.49
5585834909430369,2017-10-12T14:42:08.000Z,401,45851,11715801.18
5589613730225354,2018-11-01T13:53:55.000Z,394,43068,13720506.22
5590429016119931,2018-06-01T11:00:24.000Z,298,15443,15898790.86
5593557806955291,2018-08-01T17:25:49.000Z,628,85321,14103973.1
5593807230156945,2017-12-11T00:15:48.000Z,339,11572,15036858.6
5594912773065625,2018-09-01T18:00:31.000Z,346,18845,14508454.68
5595273277507573,2018-12-01T21:29:58.000Z,567,62274,12860368.91
5596710122356317,2018-12-01T19:44:38.000Z,308,12928,13329158.08
5599665135166284,2018-05-01T13:56:23.000Z,504,24602,13827371.6
6011005449027922,2018-12-01T16:13:58.000Z,207,99703,13405058.12
6.01101E+15,2017-07-07T22:47:20.000Z,562,18631,14604334.38
6011015243296359,2017-08-08T07:56:26.000Z,664,27228,14759738.26
6.01103E+15,2018-10-01T15:04:33.000Z,351,11560,11570113.92
6011040900033077,2018-07-01T06:19:06.000Z,365,39466,9570409.67
6011074061403654,2017-12-06T08:19:46.000Z,677,29052,14697041.52
6.01108E+15,2018-07-01T13:20:27.000Z,518,44072,12352532.76
6011082928436197,2018-01-01T18:38:55.000Z,351,15358,14789859.95
6011107248399542,2018-11-01T03:21:54.000Z,635,27563,13704965.05
6011130605694487,2018-12-01T12:43:17.000Z,459,35672,13760107.24
6011139413319542,2018-12-01T19:44:38.000Z,648,90637,14600850.65
6011140597235389,2017-02-04T04:07:56.000Z,367,15656,14324446.41
6011188111705767,2018-04-01T06:20:20.000Z,480,62360,13892259.9
6.01125E+15,2018-09-01T05:43:11.000Z,655,14894,14173944.37
6011250979849549,2018-12-01T17:59:17.000Z,617,86440,13771071.98
6011265661989692,2017-12-12T15:51:32.000Z,542,66701,13725315.64
6011266439728289,2017-08-01T20:30:22.000Z,638,59416,14252683.18
6011273561157733,2018-09-01T19:45:52.000Z,411,64769,13498256.83
6011289432864968,2018-05-01T10:25:42.000Z,558,13433,14581639.97
6011307798878107,2017-12-07T06:22:10.000Z,519,58570,13583866.93
6011354537764214,2018-07-01T01:03:05.000Z,303,31765,15304707.2
6011360590634368,2017-06-08T12:03:03.000Z,528,99757,10487929.96
6011373389875118,2017-12-06T20:37:07.000Z,286,20184,12106372.78
6.01139E+15,2018-01-01T16:53:35.000Z,559,17827,10263898.3
6.0114E+15,2017-12-02T12:39:34.000Z,235,93255,14298824.95
6011402408352146,2018-10-01T08:03:12.000Z,379,23032,13654820.41
6011464322108236,2017-11-12T08:15:29.000Z,568,34690,13540769.47
6011495413045283,2018-11-01T08:37:54.000Z,420,32784,12662567.26
6011525010455848,2018-10-01T13:19:13.000Z,508,86042,11936194.79
6.01153E+15,2017-12-05T07:57:21.000Z,417,75972,16320789.44
6.01154E+15,2018-06-01T00:28:24.000Z,236,12565,12665363.94
6011568812973659,2018-03-01T18:02:59.000Z,375,35586,15808108.36
6011585284691122,2017-10-04T14:01:35.000Z,220,15961,13738734.56
6011590374869018,2017-11-12T02:59:29.000Z,243,70075,15248946.67
6011601917029026,2017-11-04T16:21:36.000Z,274,15777,13816083.05
6011612323168241,2017-11-06T14:46:25.000Z,640,46731,12476115.5
6011613425342619,2018-11-01T12:08:35.000Z,479,53122,13566820.4
6011615400262373,2018-04-01T15:07:01.000Z,533,29481,15787220.98
6011624834798192,2018-10-01T06:17:52.000Z,201,41607,15221955.15
6011631462493236,2018-11-01T13:53:55.000Z,266,25121,15229435.01
6011646222172425,2017-12-12T14:06:12.000Z,572,17823,12889019.35
6011652273525438,2017-09-12T05:20:45.000Z,343,16435,10939621.96
6.01165E+15,2018-01-01T13:22:54.000Z,683,59485,14149095.61
6011682648466984,2018-12-01T02:11:16.000Z,516,34441,17171786.61
6011706374151856,2018-12-01T00:25:56.000Z,233,76465,12347220.78
6011740360743178,2018-09-01T16:15:11.000Z,325,55075,12530964.74
6011759165664934,2017-12-01T03:30:29.000Z,391,59532,14775144.56
6011780257723719,2018-11-01T10:23:15.000Z,262,61839,14335994.66
6011782857327719,2018-09-01T14:29:50.000Z,234,62905,15293683.99
6011795048884331,2017-11-11T15:29:07.000Z,506,37151,12896434.15
6011798606614876,2018-08-01T01:37:48.000Z,381,50248,15703031.93
6011805586875078,2017-12-07T09:52:50.000Z,508,11716,12263636.23
6011866565714258,2018-12-01T03:56:36.000Z,523,39641,13067703.19
6011920259166638,2018-10-01T04:32:32.000Z,394,99568,15114745.92
6011920623387365,2018-12-01T10:57:57.000Z,216,95608,13149438.4
6011938409004772,2018-10-01T22:05:54.000Z,390,18943,12135424.19
6011980249342475,2018-12-01T10:57:57.000Z,579,19473,12809758.67
6011985140563103,2018-12-01T00:25:56.000Z,350,55316,14580703.43
6.01199E+15,2018-11-01T01:36:34.000Z,176,38377,14504570.16
6011996512032718,2018-12-01T19:44:38.000Z,382,97357,11504504.68
6221356726791623,2017-12-12T01:48:51.000Z,633,13601,13900020.16
6221476838539775,2018-07-01T08:04:26.000Z,483,12987,13039832.16
6221647409661483,2018-01-01T06:21:33.000Z,213,57559,14614336.99
6221655501837596,2017-12-12T07:04:51.000Z,300,15722,12623002.91
6221796595498984,2018-11-01T03:21:55.000Z,220,17238,13315092.47
6221801089095872,2018-11-01T20:55:16.000Z,323,21914,12465626.87
6222102786517105,2018-06-01T21:32:25.000Z,286,63061,13331128.59
6222107374039024,2018-05-01T05:09:41.000Z,150,85626,14812407.54
6.22211E+15,2018-12-01T23:15:18.000Z,642,93562,13989640.36
6222244521761919,2017-12-06T11:50:27.000Z,298,50651,12766287.58
6222740575732417,2018-04-01T02:49:39.000Z,341,59482,11936205.23
6222789298600161,2018-09-01T00:27:10.000Z,414,11415,13553168.13
6222849245970594,2017-12-11T03:46:28.000Z,643,33860,13729252.84
6.2231E+15,2017-12-12T08:50:12.000Z,518,31631,13620086.5
6223151286685424,2018-11-01T19:09:56.000Z,695,84736,12911304.25
6223362469163804,2018-11-01T00:00:00.000Z,681,16233,13821110.46
6.22347E+15,2017-11-05T17:54:39.000Z,202,96146,15709228.73
6223512404783724,2018-11-01T12:08:35.000Z,392,23885,14358699.92
6223681626729292,2018-12-01T00:25:56.000Z,338,59931,15446975.55
6223813071182434,2018-09-01T19:45:52.000Z,572,22520,15235858.77
6223900941165408,2018-08-01T06:53:48.000Z,211,54521,14745143.65
6223904695473034,2018-11-01T19:09:56.000Z,594,98382,14735496.49
6223938739934916,2018-03-01T05:45:38.000Z,479,17038,8985507.38
6224201777318321,2018-05-01T19:12:22.000Z,202,17765,12473936.29
6224271253849917,2018-06-01T07:29:44.000Z,550,98381,14036371.67
6224365775856671,2018-09-01T00:27:09.000Z,296,11714,13987700.38
6224416008334638,2018-05-01T19:12:23.000Z,499,79086,5977218.76
6224563303233955,2018-10-01T06:17:52.000Z,590,53561,12848371.75
6224610009303218,2017-11-08T04:24:33.000Z,240,58845,12527250.53
6224637828122115,2017-08-10T18:38:36.000Z,283,32654,14705452.11
6224926962871383,2018-05-01T22:43:03.000Z,535,25571,11702239.46
6225064972468468,2018-11-01T19:09:56.000Z,618,15946,14926993.11
6225103647952868,2017-10-09T14:44:17.000Z,478,24370,12795267.7
6225141260149263,2017-12-12T14:06:11.000Z,597,27593,15084058.79
6225305255701681,2018-11-01T17:24:35.000Z,580,67101,12784338.84
6225310494984197,2018-12-01T00:25:56.000Z,419,24473,15944400.17
6225327986968231,2017-11-10T00:00:00.000Z,350,23083,15905823.08
6225338254619778,2018-12-01T07:27:16.000Z,371,28098,13090610.13
6225424199255892,2018-06-01T05:44:24.000Z,435,43779,13813724.13
6225472681819758,2017-12-12T14:06:11.000Z,631,82217,14752163.44
6225572978222663,2018-08-01T17:25:49.000Z,410,14437,12526787.27
6225606551069826,2017-12-09T22:55:02.000Z,678,36513,15683634.57
6225669798836787,2018-11-01T00:00:00.000Z,205,90755,13651666.89
6225735132440725,2018-09-01T10:59:10.000Z,641,45714,14980572.89
6225866702124777,2018-11-01T15:39:16.000Z,600,89039,17133199.65
6226006200271205,2018-11-01T01:36:34.000Z,693,77660,14845163.88
6226081803124283,2018-08-01T22:41:50.000Z,176,48733,12896316.78
6.22609E+15,2017-11-12T06:30:09.000Z,589,50008,14009039.1
6226140793883272,2018-02-01T05:10:55.000Z,596,20151,13579702.74
6226450500644713,2018-01-01T23:54:55.000Z,450,24535,13763396.21
6226916900432545,2018-01-01T23:54:55.000Z,224,12752,14160889
6227071613331391,2018-03-01T07:30:58.000Z,281,58081,14712304.01
6227291054424345,2016-11-03T01:30:22.000Z,262,75789,13062649.58
6227316048718823,2018-06-01T07:29:44.000Z,514,43930,14461680.83
6227429096069344,2018-06-01T02:13:44.000Z,373,72946,13527762.01
6227859346405031,2018-05-01T10:25:42.000Z,339,94530,11398035.71
6.22793E+15,2017-07-09T21:46:51.000Z,460,28456,11724494.06
6227994101600953,2017-12-12T07:04:52.000Z,553,12452,15290936.45
6228080341624745,2018-01-01T06:21:34.000Z,494,59050,14096925.44
6228083754178597,2017-12-11T12:33:09.000Z,453,12575,13428651.01
6228529148302558,2018-07-01T02:48:26.000Z,232,50681,13103953.47
6228529438344849,2018-06-01T02:13:44.000Z,536,42022,12698654.02
6228588350544786,2017-12-02T07:23:34.000Z,246,13117,10258375.41
6228733641419063,2018-02-01T05:10:55.000Z,207,14102,13371386.46
6228777558348039,2018-04-01T15:07:01.000Z,580,35032,14814371.4
6228882078421256,2018-08-01T06:53:48.000Z,290,29455,14192036.48
6.22913E+15,2017-12-03T16:33:54.000Z,441,63845,12003386.06
6440024995933681,2018-07-01T04:33:45.000Z,433,32459,14998305.54
6440187483823803,2018-12-01T19:44:38.000Z,371,87560,14906316.69
6440793963189191,2018-04-01T01:04:19.000Z,276,71434,11865971.69
6440968309978768,2018-12-01T21:29:57.000Z,312,15431,13506659.14
6442299055452214,2018-11-01T01:36:33.000Z,333,34652,12151099.74
6442337266130821,2018-12-01T05:41:57.000Z,614,18701,13168659.8
6442508218049679,2018-07-01T06:19:06.000Z,340,23901,13968576.91
6443261943470518,2018-11-01T13:53:55.000Z,361,47639,13227777.8
6443783023069597,2018-04-01T02:49:39.000Z,359,84632,14537940.69
6444017231919254,2018-12-01T03:56:36.000Z,377,47638,12885325.87
6445088693328267,2017-11-10T06:20:01.000Z,536,36541,12461841.05
6445500224944594,2018-11-01T22:40:36.000Z,284,72840,12558207.46
6446222442368956,2018-08-01T08:39:09.000Z,253,34470,10025693.9
6447843102942183,2018-01-01T22:09:35.000Z,418,30529,14052806.95
6447877814927926,2018-12-01T16:13:58.000Z,342,74003,15263730.73
6.45096E+15,2017-12-12T05:19:31.000Z,565,73540,13003224.63
6451188046445957,2018-12-01T19:44:37.000Z,436,21520,14012622.05
6451387765835527,2018-08-01T20:56:29.000Z,445,35460,11058384.14
6.45185E+15,2018-02-01T05:10:55.000Z,484,32745,14941014.76
6.45285E+15,2017-11-12T08:15:30.000Z,440,94567,14926441.47
6456434850482073,2017-12-09T07:07:00.000Z,565,71286,14996283.9
6457013830082044,2017-12-11T14:18:29.000Z,401,60045,13700840.59
6457507104644777,2018-12-01T07:27:17.000Z,633,51453,13331427.55
6458390280461467,2018-12-01T12:43:17.000Z,207,18657,15131807.67
6458913408105037,2018-04-01T22:08:21.000Z,638,87052,16118952.55
6459468596595589,2018-09-01T00:27:10.000Z,416,15047,14099982.75
6459584074670791,2017-11-12T00:00:00.000Z,340,10509,13656588.94
6460729612153589,2018-05-01T19:12:23.000Z,478,42463,9865237.95
6460955484292953,2018-12-01T00:25:56.000Z,591,62893,15052650.84
6461356425954109,2018-07-01T08:04:26.000Z,291,56660,13447807.2
6461665612054493,2018-02-01T12:12:16.000Z,490,34141,16386501.52
6463116552169683,2018-01-01T13:22:54.000Z,550,48882,14522735.35
6465463980407626,2018-09-01T14:29:51.000Z,251,21524,12336333.34
6465850174991268,2017-12-11T17:49:09.000Z,496,50573,15747214.98
6.46693E+15,2017-11-06T11:15:45.000Z,460,17579,13844542.01
6467743732161623,2017-12-08T04:59:14.000Z,247,59006,11774539.42
6469760853632834,2017-09-10T17:27:58.000Z,118,29934,12786204.85
6471638322460316,2017-12-03T11:17:53.000Z,555,29584,15118047.08
6.47237E+15,2017-09-07T13:24:44.000Z,355,98802,14229369.72
6473696545916322,2018-01-01T18:38:54.000Z,347,27510,15494344.53
6474282068752847,2017-12-09T00:05:39.000Z,434,49014,13918355.26
6474316753643281,2018-12-01T12:43:17.000Z,360,17867,15010348.39
6475971877334107,2018-04-01T22:08:21.000Z,275,50592,13401006.13
6476780998820087,2018-05-01T05:09:42.000Z,471,61760,12563967.7
6477294083247452,2018-09-01T02:12:30.000Z,360,27581,14922840.98
6477616484573237,2018-07-01T08:04:26.000Z,317,93920,11612878.81
6478825694597816,2018-08-01T20:56:30.000Z,359,15045,12729636.8
6478888441720966,2018-10-01T20:20:34.000Z,334,14745,12904397.77
6480152634975473,2018-11-01T06:52:35.000Z,573,72669,15081288.04
6482486853598527,2017-10-09T07:42:56.000Z,507,68061,14813029.18
6487820990153348,2018-06-01T19:47:05.000Z,395,28656,10706970.58
6488495722873098,2018-12-01T23:15:18.000Z,450,16066,13526254.63
6489020892716932,2018-11-01T19:09:56.000Z,312,76020,13298942.72
6489878454988664,2018-11-01T03:21:54.000Z,372,34956,10874918.14
6490380638769885,2018-05-01T06:55:02.000Z,456,48739,17424728.42
6490724104698922,2017-10-03T10:08:28.000Z,263,39885,13817518.13
6492177672429642,2018-05-01T05:09:41.000Z,679,12544,16748872.87
6.49233E+15,2018-12-01T03:56:37.000Z,278,43438,12747270.16
6.49376E+15,2017-10-05T06:47:57.000Z,240,53588,15919975.46
6494636136747517,2017-12-09T01:50:59.000Z,601,31551,13601448.29
6495558834179109,2018-02-01T15:42:56.000Z,605,39885,13880414.96
6495818232688139,2018-10-01T13:19:13.000Z,379,15126,12681061.89
6495997868408374,2018-04-01T01:04:19.000Z,258,74438,11306070.71
6496915273267341,2018-11-01T22:40:36.000Z,268,39851,14705199.52
6502949401158942,2018-12-01T21:29:58.000Z,534,13744,14780212.85
6505080237250161,2018-09-01T12:44:30.000Z,409,56159,14371332.97
6507864607881764,2018-11-01T08:37:54.000Z,556,91108,13431932.77
6508947750521656,2018-12-01T10:57:56.000Z,217,17744,10333411.97
6510010051133634,2018-06-01T11:00:24.000Z,697,55704,12464952.45
6511699631829486,2018-10-01T16:49:53.000Z,653,75942,12044286.62
6512496325844338,2018-06-01T23:17:45.000Z,396,17580,14044130.43
6513612620629302,2017-10-11T07:53:04.000Z,603,50632,13809954.9
6515567258324915,2017-12-02T02:07:33.000Z,569,74450,11267714.98
6515600431361577,2018-04-01T13:21:40.000Z,529,49446,12898124.09
6519170627418595,2018-09-01T05:43:11.000Z,217,92314,10142216.57
6.52135E+15,2017-12-07T16:54:10.000Z,362,91708,13425658.85
6525772881636929,2018-06-01T05:44:23.000Z,656,58632,14652855.81
6527120239675587,2018-04-01T11:36:20.000Z,281,26288,16848494.77
6530277479107765,2017-11-03T03:41:50.000Z,620,49878,14612721.32
6531615984004424,2017-11-08T20:12:33.000Z,636,61259,13300084.41
6534662687014885,2018-01-02T04:58:39.000Z,425,57278,13387602.22
6536884122477307,2018-10-01T23:51:13.000Z,603,19066,14232671.81
6538825530803152,2018-02-01T06:56:16.000Z,479,96740,13177747.63
6540053778898901,2018-12-01T21:29:58.000Z,693,85321,14709046.8
6540468186896539,2018-11-01T00:00:00.000Z,662,15131,13198597.05
6543031141758272,2018-12-01T23:15:18.000Z,677,28530,13684098
6544649161377464,2017-11-10T08:05:21.000Z,499,20180,14032199.71
6544876671165176,2018-09-01T18:00:32.000Z,656,11003,9226830.85
6545226290425115,2018-10-01T23:51:14.000Z,403,59414,13792511.39
6545952322379984,2018-04-01T11:36:20.000Z,389,26287,15000243.66
6547766151831545,2017-12-10T08:40:03.000Z,325,14589,12892136.2
6548075186419311,2018-03-01T12:46:58.000Z,552,12401,15520355.18
6553602843717324,2018-12-01T14:28:37.000Z,248,91030,12816911.36
6554318161639326,2017-12-12T17:36:53.000Z,505,67675,13971832.92
6555788669879948,2018-09-01T05:43:10.000Z,531,12544,15550732.13
6555959156547393,2018-09-01T00:27:09.000Z,504,52132,14017213.72
6557021868031113,2017-12-12T00:03:31.000Z,476,59027,12592824.87
6559471895999451,2018-12-01T23:15:18.000Z,206,12409,15458712.76
6562510549485881,2018-11-01T03:21:54.000Z,518,93554,15683679.52
6566718331696237,2018-12-01T23:15:17.000Z,424,28445,13585625.15
6568438963325843,2018-11-01T05:07:14.000Z,527,74857,11092318.35
6570061543816002,2018-05-01T19:12:23.000Z,481,92657,13968457.75
6573615549671948,2018-01-01T16:53:34.000Z,310,33537,17351248.53
6574255180086418,2018-10-01T13:19:13.000Z,199,44814,11302797.91
6574656060675651,2017-12-07T06:22:09.000Z,681,23110,11999067.06
6.5774E+15,2018-10-01T08:03:12.000Z,539,24487,12917827.72
6578328793401039,2018-08-01T05:08:28.000Z,674,82710,14800727.82
6580194731591489,2018-11-01T08:37:55.000Z,298,22027,14166205.99
6582135370631324,2018-09-01T18:00:32.000Z,351,68632,15155008.28
6582950745622331,2017-12-08T22:32:36.000Z,366,96129,15214386.52
6583283909793527,2018-07-01T15:05:47.000Z,362,95485,12702968.89
6585229076432173,2017-11-08T20:12:33.000Z,462,27954,15451580.02
6587114664896609,2018-09-01T10:59:11.000Z,617,83864,14691811.81
6588637504808417,2017-07-06T01:55:36.000Z,490,72753,15212335.74
6589539191695876,2018-08-01T06:53:48.000Z,620,38929,10757659.22
6589855658684769,2017-12-01T07:01:09.000Z,187,35072,14720080.43
6.58989E+15,2017-08-12T22:19:24.000Z,408,30105,13615293.65
6590907016354002,2018-02-01T06:56:15.000Z,239,72543,16811589.2
6591175617713393,2017-10-04T17:32:15.000Z,568,48110,15501082.9
6592184145413632,2018-11-01T12:08:35.000Z,456,43414,15554870.28
6594248319343442,2018-05-01T06:55:02.000Z,350,32114,12589418.71
6595638658736751,2018-07-01T16:51:06.000Z,310,18436,11286474.98
6595814135833988,2018-06-01T07:29:44.000Z,210,24292,14419257.85
6.59593E+15,2017-12-08T10:15:14.000Z,412,17350,12899280.66
6597703848279563,2018-04-01T23:53:41.000Z,218,56137,12063680.04
6598830758632447,2018-10-01T15:04:33.000Z,293,68324,14280501.79
6599900931314251,2018-10-01T20:20:33.000Z,297,94030,14700996.45